{
  "0": [
    0.349630588835852,
    0.4195402124123983,
    0.4580100790682911,
    0.4837258625086148,
    0.5019182262950437,
    0.5149562454143345,
    0.5241599394458626,
    0.5303594250958658,
    0.5341205134033334,
    0.5358518430710295,
    0.5358617614388497,
    0.5343911006418806,
    0.5316332904365942,
    0.5277473334304884,
    0.5228665246088641,
    0.5171045139689602,
    0.5105596455326983,
    0.5033181412792219,
    0.4954564891934414,
    0.4870432696278973,
    0.47814057694973894,
    0.46880514429564085,
    0.45908924715332255,
    0.44904144003483737,
    0.43870716588397957,
    0.42812926772451193,
    0.41734842493582225,
    0.40640353149595965,
    0.3953320299467009,
    0.38417021231100007,
    0.37295349747024775,
    0.36171669342575113,
    0.35049425233868703,
    0.33932052624220405,
    0.32823003189006783,
    0.31725773446918176,
    0.30643936209178474,
    0.29581176650724744,
    0.2854133510423717,
    0.2752845956364177,
    0.2654687232299503,
    0.25601257592789406,
    0.2469678116849349,
    0.23839261050915986,
    0.23035423393664048,
    0.22293311522445866,
    0.21622996446409726,
    0.21037966240858139,
    0.20558404089108023,
    0.202224457098896
  ],
  "1": [
    0.22585220163240416,
    0.22595492656732974,
    0.22620940359575814,
    0.22664298406776948,
    0.22727475855257068,
    0.22811924566465705,
    0.22918789061599562,
    0.230489847701795,
    0.232032444982727,
    0.23382148248053664,
    0.23586143302793064,
    0.2381555813798826,
    0.24070612152273854,
    0.2435142240309592,
    0.24658008081072477,
    0.2499029318835496,
    0.2534810771652927,
    0.2573118750570397,
    0.26139172884905293,
    0.26571606131015735,
    0.27027927730668605,
    0.27507471380869475,
    0.28009457615133604,
    0.2853298588859094,
    0.2907702489369195,
    0.2964040080306156,
    0.3022178304162811,
    0.30819667068262446,
    0.31432353486454717,
    0.3205792258778565,
    0.32694203137316113,
    0.33338733800948717,
    0.3398871503703875,
    0.346409484434966,
    0.35291759332540273,
    0.35936896477828356,
    0.36571400172759155,
    0.3718942531268417,
    0.3778399901615571,
    0.3834668018053303,
    0.3886706712083541,
    0.39332060398112545,
    0.3972471206808884,
    0.4002233478878079,
    0.40193187348501197,
    0.4019015465294729,
    0.3993723000156833,
    0.39295310977338116,
    0.3794796463406924,
    0.346954192352847
  ],
  "2": [
    0.22756640853962226,
    0.22756640859063118,
    0.2275664086940683,
    0.22756640885138163,
    0.22756640913492573,
    0.22756641049948506,
    0.22756642039109995,
    0.2275664793569109,
    0.22756675663575163,
    0.22756782760437583,
    0.2275713536609734,
    0.22758153224580738,
    0.22760784577753918,
    0.22766976117023646,
    0.22780404054826583,
    0.2280751321637356,
    0.2285886425672285,
    0.2295071095095021,
    0.23106622920399386,
    0.23358845911000622,
    0.237489732277807,
    0.2432741799928914,
    0.2515116135669877,
    0.2627934015780814,
    0.2776645463779418,
    0.29653329019831115,
    0.3195642886136972,
    0.34656678632127413,
    0.37689449750967174,
    0.4093779274772946,
    0.442311406310667,
    0.4735149052657507,
    0.5004838388649477,
    0.5206282015383105,
    0.5315861565504888,
    0.5315783778560027,
    0.5197511232399703,
    0.4964424319319846,
    0.4633019364793303,
    0.4232053392870008,
    0.37993294978875775,
    0.33762799205134764,
    0.3001098624314927,
    0.2701786986409383,
    0.24909172775891028,
    0.23639408947981372,
    0.23022141089373155,
    0.228042780272693,
    0.22759630433381708,
    0.22756646504687886
  ],
  "3": [
    0.2644128204284993,
    0.35249313769191554,
    0.4285678820308916,
    0.4921384274341734,
    0.5437908472737639,
    0.584407660095242,
    0.614970204017603,
    0.6364818138898447,
    0.6499313274228059,
    0.6562737244449081,
    0.6564192363188336,
    0.6512271109441004,
    0.6415021463938927,
    0.6279929744229358,
    0.6113915047489469,
    0.5923331700164682,
    0.571397740965675,
    0.5491105584302868,
    0.5259440766167157,
    0.5023196428670014,
    0.47860945949889966,
    0.45513868720569306,
    0.43218765918304475,
    0.40999418204253213,
    0.38875590456409165,
    0.36863273901092125,
    0.34974932246374574,
    0.33219750768562084,
    0.31603887458138746,
    0.3013072544912027,
    0.2880112604421381,
    0.2761368171367836,
    0.2656496849258747,
    0.2564979723220972,
    0.24861463178264165,
    0.24191993352782584,
    0.2363239120727497,
    0.2317287799200967,
    0.228031302475823,
    0.22512512767250423,
    0.2229030629642657,
    0.22125929120811297,
    0.22009151533392257,
    0.21930301940645652,
    0.2188046303135949,
    0.21851655917426335,
    0.21837009326251594,
    0.21830909475227211,
    0.21829123413948806,
    0.21828881842065975
  ]
}