{
    "gene_id": "Slc38a2",
    "p_raw": [
        5.804579039647706e-12,
        3.8075098629519744e-13,
        0.0,
        2.8310687127941492e-14,
        6.727687962282403e-09,
        0.0007074007825521034,
        0.5836769360188018,
        0.9524278299172027,
        0.8677873765433461,
        0.9593580865900482,
        0.6304319484341996,
        2.220446049250313e-16,
        1.0555532559131109e-09,
        0.0,
        8.504441595391654e-11,
        6.991173001624773e-08,
        0.0015085329253823332,
        0.9539661342114525,
        0.6672810906762379,
        0.8029004241626039,
        0.6051177523653991,
        0.8811547970870212
    ],
    "reward_null": 239.05874633789062,
    "rewards": [
        262.0768127441406,
        264.74822998046875,
        291.0692443847656,
        267.3013610839844,
        255.1909637451172,
        244.15194702148438,
        231.5989227294922,
        226.16122436523438,
        205.65933227539062,
        211.4412078857422,
        211.00048828125,
        272.06817626953125,
        256.992919921875,
        274.7716369628906,
        259.4503479003906,
        252.92138671875,
        243.45730590820312,
        233.60400390625,
        232.3481903076172,
        221.68875122070312,
        232.5252685546875,
        218.1986083984375
    ],
    "weights": [
        2.5629896967770127e-13,
        3.706198108827108e-12,
        0.9999998807907104,
        4.7614516496263803e-11,
        2.6197548506405274e-16,
        4.2080083321379004e-21,
        1.4871932422945083e-26,
        6.468521598450652e-29,
        8.071354158687929e-38,
        2.618081049768998e-35,
        1.684926654490263e-35,
        5.596814123265403e-09,
        1.5879625241290276e-15,
        8.356780512031037e-08,
        1.8539059244465812e-14,
        2.7076708486906644e-17,
        2.1008632627322712e-21,
        1.1044933978636717e-25,
        3.146083293205534e-26,
        7.386430342374992e-31,
        3.7555566122817057e-26,
        2.2526039387109774e-32
    ],
    "p_cauchy": 2.220446049250313e-16,
    "lam_weighted": [
        0.2644128204284993,
        0.35249313769191554,
        0.4285678820308916,
        0.4921384274341734,
        0.5437908472737639,
        0.584407660095242,
        0.614970204017603,
        0.6364818138898447,
        0.6499313274228059,
        0.6562737244449081,
        0.6564192363188336,
        0.6512271109441004,
        0.6415021463938927,
        0.6279929744229358,
        0.6113915047489469,
        0.5923331700164682,
        0.571397740965675,
        0.5491105584302868,
        0.5259440766167157,
        0.5023196428670014,
        0.47860945949889966,
        0.45513868720569306,
        0.43218765918304475,
        0.40999418204253213,
        0.38875590456409165,
        0.36863273901092125,
        0.34974932246374574,
        0.33219750768562084,
        0.31603887458138746,
        0.3013072544912027,
        0.2880112604421381,
        0.2761368171367836,
        0.2656496849258747,
        0.2564979723220972,
        0.24861463178264165,
        0.24191993352782584,
        0.2363239120727497,
        0.2317287799200967,
        0.228031302475823,
        0.22512512767250423,
        0.2229030629642657,
        0.22125929120811297,
        0.22009151533392257,
        0.21930301940645652,
        0.2188046303135949,
        0.21851655917426335,
        0.21837009326251594,
        0.21830909475227211,
        0.21829123413948806,
        0.21828881842065975
    ]
}