{
    "gene_id": "Actn1",
    "p_raw": [
        0.5476281710326212,
        0.583326514432958,
        0.9553827942294202,
        0.5756246628612209,
        0.8355790047048939,
        0.6401296891459655,
        2.6834345856485697e-10,
        0.0,
        0.5782638845113057,
        0.7894380238849874,
        0.9206381642219901,
        0.012128434993055603,
        0.0006492254977660261,
        0.00021847265975727392,
        0.0006456291576559803,
        1.5301195199768358e-08,
        1.0829858676508763e-09,
        5.0746518098776505e-11,
        3.7636560534792807e-14,
        0.6748798919068968,
        2.2097690877298515e-05,
        0.9646929741566623
    ],
    "reward_null": 2068.001953125,
    "rewards": [
        2065.10595703125,
        2062.97412109375,
        2055.503173828125,
        2057.6220703125,
        2045.145263671875,
        2057.102294921875,
        2087.271484375,
        2112.20166015625,
        2054.547119140625,
        2034.155517578125,
        2053.55908203125,
        2070.5400390625,
        2073.17431640625,
        2074.185546875,
        2073.179443359375,
        2083.33642578125,
        2085.9111328125,
        2088.898193359375,
        2095.964111328125,
        2050.297119140625,
        2076.343017578125,
        2041.02734375
    ],
    "weights": [
        3.5204318155148855e-21,
        4.1759123208295204e-22,
        2.377717240821197e-25,
        1.9787242632539258e-24,
        7.547046128889426e-30,
        1.17665644597293e-24,
        1.4892313077163877e-11,
        0.9999998807907104,
        9.140099284190739e-26,
        1.273476396738133e-34,
        3.4029213046547316e-26,
        8.064691990868304e-19,
        1.1236729152108198e-17,
        3.088956112452287e-17,
        1.1294487038379713e-17,
        2.9106364128790585e-13,
        3.820929250081262e-12,
        7.575876731502618e-11,
        8.874054913121654e-08,
        1.3037652092007391e-27,
        2.67171026343833e-16,
        1.2285337138763049e-31
    ],
    "p_cauchy": 4.440892098500626e-16,
    "lam_weighted": [
        0.22756640853962226,
        0.22756640859063118,
        0.2275664086940683,
        0.22756640885138163,
        0.22756640913492573,
        0.22756641049948506,
        0.22756642039109995,
        0.2275664793569109,
        0.22756675663575163,
        0.22756782760437583,
        0.2275713536609734,
        0.22758153224580738,
        0.22760784577753918,
        0.22766976117023646,
        0.22780404054826583,
        0.2280751321637356,
        0.2285886425672285,
        0.2295071095095021,
        0.23106622920399386,
        0.23358845911000622,
        0.237489732277807,
        0.2432741799928914,
        0.2515116135669877,
        0.2627934015780814,
        0.2776645463779418,
        0.29653329019831115,
        0.3195642886136972,
        0.34656678632127413,
        0.37689449750967174,
        0.4093779274772946,
        0.442311406310667,
        0.4735149052657507,
        0.5004838388649477,
        0.5206282015383105,
        0.5315861565504888,
        0.5315783778560027,
        0.5197511232399703,
        0.4964424319319846,
        0.4633019364793303,
        0.4232053392870008,
        0.37993294978875775,
        0.33762799205134764,
        0.3001098624314927,
        0.2701786986409383,
        0.24909172775891028,
        0.23639408947981372,
        0.23022141089373155,
        0.228042780272693,
        0.22759630433381708,
        0.22756646504687886
    ]
}