{
    "gene_id": "Actn1",
    "p_raw": [
        0.5476281710326212,
        0.583326514432958,
        0.9553827942294202,
        0.5756246628612209,
        0.8355790047048939,
        0.6401296891459655,
        5.877376363372377e-11,
        5.416259662993639e-10,
        0.5782638845113057,
        0.7894380238849874,
        0.9206381642219901,
        0.0012910105342988643,
        0.0006547446658923817,
        0.00022239301554016766,
        0.00016811555127616007,
        1.9450033550805212e-05,
        6.102784944062023e-12,
        0.0,
        0.6748798919068968,
        0.9646929741566623,
        0.00840167899851002,
        0.9985431273858023
    ],
    "reward_null": 2068.03466796875,
    "rewards": [
        2064.000732421875,
        2062.48876953125,
        2063.030029296875,
        2057.5322265625,
        2048.410888671875,
        2060.1416015625,
        2088.787353515625,
        2086.619140625,
        2049.31494140625,
        2045.341552734375,
        2054.29248046875,
        2072.575439453125,
        2073.19921875,
        2074.20166015625,
        2074.463134765625,
        2076.496826171875,
        2091.003662109375,
        2109.578369140625,
        2067.96923828125,
        2053.536865234375,
        2070.89306640625,
        2050.4814453125
    ],
    "weights": [
        1.6065115731679903e-20,
        3.541984959571364e-21,
        6.085732556440282e-21,
        2.492570586430616e-23,
        2.7245874774563622e-27,
        3.387541645329449e-22,
        9.344942597522277e-10,
        1.0688917806422893e-10,
        6.728618365217775e-27,
        1.265625103695315e-28,
        9.76435659618785e-25,
        8.508085304422374e-17,
        1.5875803534511383e-16,
        4.3260397248088634e-16,
        5.618850230335341e-16,
        4.2940631722588295e-15,
        8.572494714087497e-09,
        1.0,
        8.499318017109924e-19,
        4.586528514997129e-25,
        1.5819271695343794e-17,
        2.160389574329027e-26
    ],
    "p_cauchy": 4.440892098500626e-16,
    "lam_weighted": [
        0.23085880933042074,
        0.23117401563289364,
        0.23205899050581663,
        0.2336595424131384,
        0.23606037333502256,
        0.23930509197046249,
        0.24340626483954264,
        0.24835170332591375,
        0.2541088921613598,
        0.2606283563277375,
        0.26784636174244214,
        0.2756871693169533,
        0.28406497473071435,
        0.292885618830385,
        0.3020481259294193,
        0.3114461102829608,
        0.32096908009122904,
        0.33050366111886614,
        0.3399347570492274,
        0.3491466602241554,
        0.35802412396627503,
        0.36645340593837133,
        0.3743232907686497,
        0.3815260993361803,
        0.3879586915874682,
        0.39352346949397954,
        0.39812938673606646,
        0.40169297190460185,
        0.4041393724592212,
        0.40540342740181257,
        0.4054307776689968,
        0.4041790247004252,
        0.40161894962410705,
        0.3977358081977722,
        0.39253072032712993,
        0.3860221780558978,
        0.37824770301663635,
        0.3692656944352041,
        0.3591575234980363,
        0.3480299519022292,
        0.33601798637226016,
        0.3232883353017848,
        0.31004372463905366,
        0.2965284906005583,
        0.28303616906869217,
        0.2699204203041421,
        0.25761204100229096,
        0.2466485773124499,
        0.2377357081759064,
        0.23192597038372237
    ]
}