{
    "gene_id": "Cyb5r3",
    "p_raw": [
        0.8415182222330801,
        0.5481240162059817,
        0.6170681733840716,
        0.607594392796776,
        0.8482684894469437,
        0.7129717695531533,
        0.8550294717417695,
        0.6412778097672356,
        0.0,
        4.600281267030937e-11,
        0.0,
        0.9956921178843587,
        0.9011606037409835,
        0.9796468996271308,
        0.7197151666485968,
        0.5427838261343388,
        0.8579461202874936,
        0.646730181192684,
        0.8498828988654867,
        0.5025956212183234,
        0.0013351926985878948,
        0.08369020518381498
    ],
    "reward_null": 2705.2978515625,
    "rewards": [
        2656.305908203125,
        2651.3740234375,
        2637.50146484375,
        2628.939453125,
        2620.477294921875,
        2660.6328125,
        2606.509765625,
        2702.600341796875,
        2749.218505859375,
        2726.2900390625,
        2751.011474609375,
        2688.827880859375,
        2689.36328125,
        2661.00341796875,
        2643.453857421875,
        2681.445068359375,
        2644.784423828125,
        2669.521484375,
        2701.99560546875,
        2702.2919921875,
        2709.807861328125,
        2706.2509765625
    ],
    "weights": [
        6.35348723724872e-42,
        4.624284932271896e-44,
        0.0,
        0.0,
        0.0,
        4.810321316395659e-40,
        0.0,
        8.099167513628386e-22,
        0.14270912110805511,
        1.5730593910801005e-11,
        0.8572908639907837,
        8.455446827512225e-28,
        1.4443019542831284e-27,
        6.968278912501948e-40,
        0.0,
        5.258015383487992e-31,
        0.0,
        3.4871857109566e-36,
        4.423914285995157e-22,
        5.950121586060076e-22,
        1.0930153683219507e-18,
        3.1181061097500814e-20
    ],
    "p_cauchy": 2.220446049250313e-16,
    "lam_weighted": [
        0.2274376452748491,
        0.22781774130279875,
        0.22844453031203918,
        0.22928352634436946,
        0.23031712756146608,
        0.23153498515436627,
        0.23293093262483283,
        0.23450157320540954,
        0.23624548453070657,
        0.23816270305019402,
        0.24025435189182284,
        0.2425223488248831,
        0.2449691618055239,
        0.24759759413931476,
        0.25041058875834726,
        0.25341104519807184,
        0.2566016452209501,
        0.2599846844612511,
        0.2635619083618843,
        0.2673343512573882,
        0.2713021778494437,
        0.2754645265942162,
        0.2798193547180501,
        0.28436328472704586,
        0.28909145239493395,
        0.2939973563149889,
        0.2990727091948265,
        0.3043072911654814,
        0.3096888054752626,
        0.3152027370520132,
        0.32083221455338207,
        0.3265578766949352,
        0.33235774386598005,
        0.3382070963352633,
        0.3440783607464465,
        0.3499410071573472,
        0.3557614596674777,
        0.36150302483550517,
        0.3671258438301652,
        0.37258687696473924,
        0.37783993362597446,
        0.3828357679369053,
        0.38752227343940865,
        0.3918448343706151,
        0.3957469401827104,
        0.39917127891504933,
        0.40206179908195133,
        0.4043680512069389,
        0.4060563577507934,
        0.4071543681846435
    ]
}