{
    "gene_id": "Col1a1",
    "p_raw": [
        0.0,
        0.0,
        0.0,
        0.0,
        0.0,
        0.0,
        0.0,
        0.8104507372831149,
        0.716450916410193,
        0.702203743671439,
        0.7750705505722737,
        0.0,
        0.0,
        0.0,
        0.0,
        0.0,
        0.0,
        0.0,
        0.7714900873026407,
        0.8441745010623023,
        0.8433313194012149,
        0.8525702694992098
    ],
    "reward_null": 7326.0458984375,
    "rewards": [
        7512.6767578125,
        7670.8623046875,
        7547.86083984375,
        7579.47265625,
        7506.7431640625,
        7448.14208984375,
        7387.1796875,
        7181.5634765625,
        7139.8466796875,
        7055.17041015625,
        7026.90771484375,
        7466.4697265625,
        7647.0556640625,
        7661.2548828125,
        7684.44677734375,
        7532.7783203125,
        7447.7197265625,
        7376.7373046875,
        7303.29296875,
        7196.5107421875,
        7230.36572265625,
        7122.3271484375
    ],
    "weights": [
        0.0,
        1.259905275219353e-06,
        0.0,
        0.0,
        0.0,
        0.0,
        0.0,
        0.0,
        0.0,
        0.0,
        0.0,
        0.0,
        5.770922819916234e-17,
        8.470081580558286e-11,
        0.9999986886978149,
        0.0,
        0.0,
        0.0,
        0.0,
        0.0,
        0.0,
        0.0
    ],
    "p_cauchy": 0.0,
    "lam_weighted": [
        0.24484800958147873,
        0.29640145685831915,
        0.3392696936027388,
        0.3760868549366111,
        0.4079372009199253,
        0.4354653580321595,
        0.4591234629549715,
        0.47926052913121875,
        0.49616313670487894,
        0.5100767842121681,
        0.5212182433753554,
        0.5297832412488641,
        0.5359515087007737,
        0.5398902471457664,
        0.5417565957076841,
        0.5416994397614561,
        0.5398607700524496,
        0.5363767258672849,
        0.5313784102956481,
        0.5249925373398848,
        0.5173419524522662,
        0.508546056066002,
        0.49872115154566965,
        0.48798073334212627,
        0.47643572714773424,
        0.46419469097208,
        0.45136398394695565,
        0.4380479080902585,
        0.4243488270540327,
        0.41036726494248416,
        0.39620198753299457,
        0.38195006760859285,
        0.367706935568215,
        0.35356641598243693,
        0.3396207502701453,
        0.32596060514572556,
        0.3126750658772448,
        0.29985161263548255,
        0.28757607719904077,
        0.27593257584811587,
        0.2650034121517051,
        0.2548689400372881,
        0.24560737210332942,
        0.2372945087468179,
        0.23000334636313452,
        0.22380348829362556,
        0.21876020558975715,
        0.21493279882323194,
        0.2123712897306845,
        0.21110750816994978
    ]
}