{
    "gene_id": "Cyb5r3",
    "p_raw": [
        0.8415182222330801,
        0.5481240162059817,
        0.6170681733840716,
        0.607594392796776,
        0.8482684894469437,
        0.7129717695531533,
        0.8550294717417695,
        0.6412778097672356,
        0.0002107847371106697,
        0.0,
        0.008267276217854613,
        0.9956921178843587,
        0.9011606037409835,
        0.9796468996271308,
        0.7197151666485968,
        0.5427838261343388,
        0.8579461202874936,
        0.646730181192684,
        2.6681818682983138e-05,
        1.1565193247520256e-12,
        0.8498828988654867,
        0.5025956212183234
    ],
    "reward_null": 2705.297119140625,
    "rewards": [
        2659.69970703125,
        2681.800537109375,
        2636.877197265625,
        2620.43359375,
        2603.135009765625,
        2597.186767578125,
        2670.67431640625,
        2702.5693359375,
        2711.51416015625,
        2755.11279296875,
        2708.169677734375,
        2669.70068359375,
        2664.5,
        2653.191162109375,
        2658.8623046875,
        2678.040283203125,
        2681.995361328125,
        2664.85498046875,
        2713.45947265625,
        2729.896484375,
        2700.919677734375,
        2705.041015625
    ],
    "weights": [
        3.653185096494798e-42,
        1.4484110783046058e-32,
        0.0,
        0.0,
        0.0,
        0.0,
        2.132237491468808e-37,
        1.5158860017531883e-23,
        1.1623965897659078e-19,
        1.0,
        4.100757580254438e-21,
        8.053640064540706e-38,
        4.439803989443534e-40,
        5.605193857299268e-45,
        1.5806646677583937e-42,
        3.3715864169845827e-34,
        1.7599604276266986e-32,
        6.331837175974902e-40,
        8.131914891298957e-19,
        1.118655428705706e-11,
        2.9122529893768348e-24,
        1.7951610322199914e-22
    ],
    "p_cauchy": 4.440892098500626e-16,
    "lam_weighted": [
        0.22585220163240416,
        0.22595492656732974,
        0.22620940359575814,
        0.22664298406776948,
        0.22727475855257068,
        0.22811924566465705,
        0.22918789061599562,
        0.230489847701795,
        0.232032444982727,
        0.23382148248053664,
        0.23586143302793064,
        0.2381555813798826,
        0.24070612152273854,
        0.2435142240309592,
        0.24658008081072477,
        0.2499029318835496,
        0.2534810771652927,
        0.2573118750570397,
        0.26139172884905293,
        0.26571606131015735,
        0.27027927730668605,
        0.27507471380869475,
        0.28009457615133604,
        0.2853298588859094,
        0.2907702489369195,
        0.2964040080306156,
        0.3022178304162811,
        0.30819667068262446,
        0.31432353486454717,
        0.3205792258778565,
        0.32694203137316113,
        0.33338733800948717,
        0.3398871503703875,
        0.346409484434966,
        0.35291759332540273,
        0.35936896477828356,
        0.36571400172759155,
        0.3718942531268417,
        0.3778399901615571,
        0.3834668018053303,
        0.3886706712083541,
        0.39332060398112545,
        0.3972471206808884,
        0.4002233478878079,
        0.40193187348501197,
        0.4019015465294729,
        0.3993723000156833,
        0.39295310977338116,
        0.3794796463406924,
        0.346954192352847
    ]
}