{
    "gene_id": "Slc38a2",
    "p_raw": [
        9.33142452197444e-13,
        2.758904216193514e-13,
        0.0,
        3.4416913763379853e-15,
        3.9505824167562764e-09,
        0.0006481423287697519,
        0.5836769360188018,
        0.9524278299172027,
        0.8677873765433461,
        0.9593580865900482,
        0.6304319484341996,
        9.820477764321822e-13,
        5.551115123125783e-17,
        0.0,
        5.736133790179565e-12,
        1.8556370207090112e-07,
        7.719546229800756e-06,
        0.9539661342114525,
        0.6672810906762379,
        0.8029004241626039,
        0.6051177523653991,
        0.8811547970870212
    ],
    "reward_null": 238.97506713867188,
    "rewards": [
        263.7849426269531,
        264.9808044433594,
        291.6220703125,
        269.2959899902344,
        255.6247100830078,
        244.1489715576172,
        217.30545043945312,
        227.3640899658203,
        206.7939453125,
        208.24539184570312,
        204.40457153320312,
        263.73480224609375,
        273.45489501953125,
        277.4739074707031,
        262.0047607421875,
        251.89453125,
        248.3163299560547,
        230.9178009033203,
        225.83694458007812,
        220.1168975830078,
        230.94223022460938,
        227.81411743164062
    ],
    "weights": [
        8.137457721546504e-13,
        2.690574108996091e-12,
        0.9999992847442627,
        2.013289396307627e-10,
        2.3256523058596255e-16,
        2.413764120372844e-21,
        5.305199961828869e-33,
        1.2391200946887934e-28,
        1.4441526376491672e-37,
        6.165500245662618e-37,
        1.3241013523147022e-38,
        7.739502940438958e-13,
        1.2885335465284697e-08,
        7.170189633143309e-07,
        1.3720363007622277e-13,
        5.578901443390419e-18,
        1.5579574606160627e-19,
        4.3298260119788185e-27,
        2.690807304196104e-29,
        8.824655321319341e-32,
        4.436903479840871e-27,
        1.9433805548720855e-28
    ],
    "p_cauchy": 1.6653345369377348e-16,
    "lam_weighted": [
        0.26226838514254897,
        0.3515976079157801,
        0.42875101533259835,
        0.4932229229638538,
        0.545607717126381,
        0.5868004307626767,
        0.617796316879024,
        0.6396129367969995,
        0.6532531489880723,
        0.6596854738849351,
        0.6598330489188832,
        0.6545673051384817,
        0.6447044517103496,
        0.631003735097465,
        0.6141668754666432,
        0.5948383151293484,
        0.5736060452711363,
        0.551002855419555,
        0.5275078986063375,
        0.5035484963660627,
        0.47950212839335093,
        0.455698565766745,
        0.4324221164694813,
        0.4099139589273838,
        0.38837454434747026,
        0.36796605236423763,
        0.34881488727269283,
        0.3310142042105928,
        0.31462645622731317,
        0.29968595436873957,
        0.2862014338046832,
        0.27415861968956184,
        0.26352278692179343,
        0.25424130828189323,
        0.2462461856020992,
        0.23945655866065213,
        0.23378118640223555,
        0.2291208948539784,
        0.22537098571457787,
        0.22242359900895467,
        0.22017002236837782,
        0.21850293833060647,
        0.2173185994192077,
        0.2165189184297568,
        0.2160134579337907,
        0.2157212977979769,
        0.2155727511018032,
        0.21551088414105968,
        0.21549276735844447,
        0.21549031533388618
    ]
}