{
    "gene_id": "Col1a1",
    "p_raw": [
        0.0,
        0.0,
        0.0,
        0.0,
        0.0,
        0.0,
        0.0,
        0.8104507372831149,
        0.716450916410193,
        0.702203743671439,
        0.7750705505722737,
        0.0,
        0.0,
        0.0,
        0.0,
        0.0,
        0.0,
        5.397305935517238e-10,
        0.7714900873026407,
        0.8441745010623023,
        0.8433313194012149,
        0.8525702694992098
    ],
    "reward_null": 7326.1025390625,
    "rewards": [
        7661.890625,
        7666.83984375,
        7556.0791015625,
        7580.9248046875,
        7481.38916015625,
        7452.53125,
        7387.10791015625,
        7260.87890625,
        7085.4443359375,
        7048.2392578125,
        7009.19384765625,
        7456.2578125,
        7498.5400390625,
        7679.93505859375,
        7512.4609375,
        7494.74072265625,
        7480.66162109375,
        7344.6904296875,
        7227.5966796875,
        7198.8798828125,
        7210.81640625,
        7251.86083984375
    ],
    "weights": [
        1.4568041883933347e-08,
        2.0550367025862215e-06,
        0.0,
        9.949219096706201e-44,
        0.0,
        0.0,
        0.0,
        0.0,
        0.0,
        0.0,
        0.0,
        0.0,
        0.0,
        0.9999979734420776,
        0.0,
        0.0,
        0.0,
        0.0,
        0.0,
        0.0,
        0.0,
        0.0
    ],
    "p_cauchy": 0.0,
    "lam_weighted": [
        0.349630588835852,
        0.4195402124123983,
        0.4580100790682911,
        0.4837258625086148,
        0.5019182262950437,
        0.5149562454143345,
        0.5241599394458626,
        0.5303594250958658,
        0.5341205134033334,
        0.5358518430710295,
        0.5358617614388497,
        0.5343911006418806,
        0.5316332904365942,
        0.5277473334304884,
        0.5228665246088641,
        0.5171045139689602,
        0.5105596455326983,
        0.5033181412792219,
        0.4954564891934414,
        0.4870432696278973,
        0.47814057694973894,
        0.46880514429564085,
        0.45908924715332255,
        0.44904144003483737,
        0.43870716588397957,
        0.42812926772451193,
        0.41734842493582225,
        0.40640353149595965,
        0.3953320299467009,
        0.38417021231100007,
        0.37295349747024775,
        0.36171669342575113,
        0.35049425233868703,
        0.33932052624220405,
        0.32823003189006783,
        0.31725773446918176,
        0.30643936209178474,
        0.29581176650724744,
        0.2854133510423717,
        0.2752845956364177,
        0.2654687232299503,
        0.25601257592789406,
        0.2469678116849349,
        0.23839261050915986,
        0.23035423393664048,
        0.22293311522445866,
        0.21622996446409726,
        0.21037966240858139,
        0.20558404089108023,
        0.202224457098896
    ]
}