{
  "0": [
    0.24484800958147873,
    0.29640145685831915,
    0.3392696936027388,
    0.3760868549366111,
    0.4079372009199253,
    0.4354653580321595,
    0.4591234629549715,
    0.47926052913121875,
    0.49616313670487894,
    0.5100767842121681,
    0.5212182433753554,
    0.5297832412488641,
    0.5359515087007737,
    0.5398902471457664,
    0.5417565957076841,
    0.5416994397614561,
    0.5398607700524496,
    0.5363767258672849,
    0.5313784102956481,
    0.5249925373398848,
    0.5173419524522662,
    0.508546056066002,
    0.49872115154566965,
    0.48798073334212627,
    0.47643572714773424,
    0.46419469097208,
    0.45136398394695565,
    0.4380479080902585,
    0.4243488270540327,
    0.41036726494248416,
    0.39620198753299457,
    0.38195006760859285,
    0.367706935568215,
    0.35356641598243693,
    0.3396207502701453,
    0.32596060514572556,
    0.3126750658772448,
    0.29985161263548255,
    0.28757607719904077,
    0.27593257584811587,
    0.2650034121517051,
    0.2548689400372881,
    0.24560737210332942,
    0.2372945087468179,
    0.23000334636313452,
    0.22380348829362556,
    0.21876020558975715,
    0.21493279882323194,
    0.2123712897306845,
    0.21110750816994978
  ],
  "1": [
    0.2274376452748491,
    0.22781774130279875,
    0.22844453031203918,
    0.22928352634436946,
    0.23031712756146608,
    0.23153498515436627,
    0.23293093262483283,
    0.23450157320540954,
    0.23624548453070657,
    0.23816270305019402,
    0.24025435189182284,
    0.2425223488248831,
    0.2449691618055239,
    0.24759759413931476,
    0.25041058875834726,
    0.25341104519807184,
    0.2566016452209501,
    0.2599846844612511,
    0.2635619083618843,
    0.2673343512573882,
    0.2713021778494437,
    0.2754645265942162,
    0.2798193547180501,
    0.28436328472704586,
    0.28909145239493395,
    0.2939973563149889,
    0.2990727091948265,
    0.3043072911654814,
    0.3096888054752626,
    0.3152027370520132,
    0.32083221455338207,
    0.3265578766949352,
    0.33235774386598005,
    0.3382070963352633,
    0.3440783607464465,
    0.3499410071573472,
    0.3557614596674777,
    0.36150302483550517,
    0.3671258438301652,
    0.37258687696473924,
    0.37783993362597446,
    0.3828357679369053,
    0.38752227343940865,
    0.3918448343706151,
    0.3957469401827104,
    0.39917127891504933,
    0.40206179908195133,
    0.4043680512069389,
    0.4060563577507934,
    0.4071543681846435
  ],
  "2": [
    0.23085880933042074,
    0.23117401563289364,
    0.23205899050581663,
    0.2336595424131384,
    0.23606037333502256,
    0.23930509197046249,
    0.24340626483954264,
    0.24835170332591375,
    0.2541088921613598,
    0.2606283563277375,
    0.26784636174244214,
    0.2756871693169533,
    0.28406497473071435,
    0.292885618830385,
    0.3020481259294193,
    0.3114461102829608,
    0.32096908009122904,
    0.33050366111886614,
    0.3399347570492274,
    0.3491466602241554,
    0.35802412396627503,
    0.36645340593837133,
    0.3743232907686497,
    0.3815260993361803,
    0.3879586915874682,
    0.39352346949397954,
    0.39812938673606646,
    0.40169297190460185,
    0.4041393724592212,
    0.40540342740181257,
    0.4054307776689968,
    0.4041790247004252,
    0.40161894962410705,
    0.3977358081977722,
    0.39253072032712993,
    0.3860221780558978,
    0.37824770301663635,
    0.3692656944352041,
    0.3591575234980363,
    0.3480299519022292,
    0.33601798637226016,
    0.3232883353017848,
    0.31004372463905366,
    0.2965284906005583,
    0.28303616906869217,
    0.2699204203041421,
    0.25761204100229096,
    0.2466485773124499,
    0.2377357081759064,
    0.23192597038372237
  ],
  "3": [
    0.26226838514254897,
    0.3515976079157801,
    0.42875101533259835,
    0.4932229229638538,
    0.545607717126381,
    0.5868004307626767,
    0.617796316879024,
    0.6396129367969995,
    0.6532531489880723,
    0.6596854738849351,
    0.6598330489188832,
    0.6545673051384817,
    0.6447044517103496,
    0.631003735097465,
    0.6141668754666432,
    0.5948383151293484,
    0.5736060452711363,
    0.551002855419555,
    0.5275078986063375,
    0.5035484963660627,
    0.47950212839335093,
    0.455698565766745,
    0.4324221164694813,
    0.4099139589273838,
    0.38837454434747026,
    0.36796605236423763,
    0.34881488727269283,
    0.3310142042105928,
    0.31462645622731317,
    0.29968595436873957,
    0.2862014338046832,
    0.27415861968956184,
    0.26352278692179343,
    0.25424130828189323,
    0.2462461856020992,
    0.23945655866065213,
    0.23378118640223555,
    0.2291208948539784,
    0.22537098571457787,
    0.22242359900895467,
    0.22017002236837782,
    0.21850293833060647,
    0.2173185994192077,
    0.2165189184297568,
    0.2160134579337907,
    0.2157212977979769,
    0.2155727511018032,
    0.21551088414105968,
    0.21549276735844447,
    0.21549031533388618
  ]
}